tic,datadate,ajexdi,cshoc,prccd,trfd,gvkey
MSTR,2021-01-04,10.0,7253000,425.22,,111534
MSTR,2021-01-05,10.0,7253000,428.63,,111534
MSTR,2021-01-06,10.0,7253000,480.55,,111534
MSTR,2021-01-07,10.0,7253000,535.75,,111534
MSTR,2021-01-08,10.0,7253000,531.64,,111534
MSTR,2021-01-11,10.0,7253000,495.49,,111534
MSTR,2021-01-12,10.0,7253000,514.24,,111534
MSTR,2021-01-13,10.0,7253000,519.26,,111534
MSTR,2021-01-14,10.0,7253000,631.0,,111534
MSTR,2021-01-15,10.0,7253000,578.07,,111534
MSTR,2021-01-19,10.0,7253000,592.21,,111534
MSTR,2021-01-20,10.0,7253000,550.82,,111534
MSTR,2021-01-21,10.0,7253000,520.46,,111534
MSTR,2021-01-22,10.0,7253000,577.03,,111534
MSTR,2021-01-25,10.0,7253000,571.42,,111534
MSTR,2021-01-26,10.0,7253000,559.81,,111534
MSTR,2021-01-27,10.0,7253000,540.1,,111534
MSTR,2021-01-28,10.0,7253000,578.375,,111534
MSTR,2021-01-29,10.0,7623000,617.31,,111534
MSTR,2021-02-01,10.0,7623000,634.56,,111534
MSTR,2021-02-02,10.0,7623000,687.92,,111534
MSTR,2021-02-03,10.0,7623000,741.19,,111534
MSTR,2021-02-04,10.0,7623000,765.59,,111534
MSTR,2021-02-05,10.0,7623000,806.0,,111534
MSTR,2021-02-08,10.0,7623000,1041.0,,111534
MSTR,2021-02-09,10.0,7623000,1272.94,,111534
MSTR,2021-02-10,10.0,7623000,974.48,,111534
MSTR,2021-02-11,10.0,7623000,1009.94,,111534
MSTR,2021-02-12,10.0,7623000,1034.31,,111534
MSTR,2021-02-16,10.0,7623000,955.0,,111534
MSTR,2021-02-17,10.0,7623000,941.8,,111534
MSTR,2021-02-18,10.0,7623000,927.78,,111534
MSTR,2021-02-19,10.0,7623000,963.72,,111534
MSTR,2021-02-22,10.0,7623000,876.0,,111534
MSTR,2021-02-23,10.0,7623000,691.23,,111534
MSTR,2021-02-24,10.0,7623000,817.69,,111534
MSTR,2021-02-25,10.0,7623000,731.61,,111534
MSTR,2021-02-26,10.0,7623000,750.41,,111534
MSTR,2021-03-01,10.0,7623000,782.44,,111534
MSTR,2021-03-02,10.0,7623000,748.5,,111534
MSTR,2021-03-03,10.0,7623000,731.57,,111534
MSTR,2021-03-04,10.0,7623000,645.66,,111534
MSTR,2021-03-05,10.0,7623000,620.24,,111534
MSTR,2021-03-08,10.0,7623000,624.19,,111534
MSTR,2021-03-09,10.0,7623000,715.99,,111534
MSTR,2021-03-10,10.0,7623000,756.55,,111534
MSTR,2021-03-11,10.0,7623000,803.75,,111534
MSTR,2021-03-12,10.0,7623000,784.0,,111534
MSTR,2021-03-15,10.0,7623000,769.01,,111534
MSTR,2021-03-16,10.0,7623000,724.29,,111534
MSTR,2021-03-17,10.0,7623000,770.99,,111534
MSTR,2021-03-18,10.0,7623000,732.05,,111534
MSTR,2021-03-19,10.0,7623000,777.04,,111534
MSTR,2021-03-22,10.0,7623000,724.56,,111534
MSTR,2021-03-23,10.0,7623000,677.21,,111534
MSTR,2021-03-24,10.0,7623000,621.57,,111534
MSTR,2021-03-25,10.0,7623000,620.91,,111534
MSTR,2021-03-26,10.0,7623000,624.0,,111534
MSTR,2021-03-29,10.0,7623000,631.34,,111534
MSTR,2021-03-30,10.0,7623000,653.98,,111534
MSTR,2021-03-31,10.0,7623000,678.8,,111534
MSTR,2021-04-01,10.0,7623000,703.56,,111534
MSTR,2021-04-05,10.0,7623000,720.55,,111534
MSTR,2021-04-06,10.0,7623000,704.58,,111534
MSTR,2021-04-07,10.0,7623000,656.2,,111534
MSTR,2021-04-08,10.0,7623000,690.12,,111534
MSTR,2021-04-09,10.0,7623000,711.0,,111534
MSTR,2021-04-12,10.0,7623000,718.24,,111534
MSTR,2021-04-13,10.0,7623000,848.54,,111534
MSTR,2021-04-14,10.0,7623000,735.5,,111534
MSTR,2021-04-15,10.0,7623000,740.15,,111534
MSTR,2021-04-16,10.0,7782000,693.62,,111534
MSTR,2021-04-19,10.0,7782000,637.52,,111534
MSTR,2021-04-20,10.0,7782000,646.45,,111534
MSTR,2021-04-21,10.0,7782000,650.46,,111534
MSTR,2021-04-22,10.0,7782000,598.2,,111534
MSTR,2021-04-23,10.0,7782000,613.04,,111534
MSTR,2021-04-26,10.0,7782000,658.82,,111534
MSTR,2021-04-27,10.0,7782000,676.99,,111534
MSTR,2021-04-28,10.0,7782000,680.82,,111534
MSTR,2021-04-29,10.0,7782000,655.01,,111534
MSTR,2021-04-30,10.0,7782000,657.16,,111534
MSTR,2021-05-03,10.0,7782000,635.62,,111534
MSTR,2021-05-04,10.0,7782000,616.88,,111534
MSTR,2021-05-05,10.0,7782000,623.45,,111534
MSTR,2021-05-06,10.0,7782000,609.08,,111534
MSTR,2021-05-07,10.0,7782000,620.46,,111534
MSTR,2021-05-10,10.0,7782000,569.46,,111534
MSTR,2021-05-11,10.0,7782000,576.96,,111534
MSTR,2021-05-12,10.0,7782000,541.88,,111534
MSTR,2021-05-13,10.0,7782000,488.08,,111534
MSTR,2021-05-14,10.0,7782000,521.31,,111534
MSTR,2021-05-17,10.0,7782000,489.35,,111534
MSTR,2021-05-18,10.0,7782000,487.2,,111534
MSTR,2021-05-19,10.0,7782000,454.86,,111534
MSTR,2021-05-20,10.0,7782000,472.66,,111534
MSTR,2021-05-21,10.0,7782000,450.52,,111534
MSTR,2021-05-24,10.0,7782000,472.45,,111534
MSTR,2021-05-25,10.0,7782000,469.67,,111534
MSTR,2021-05-26,10.0,7782000,482.79,,111534
MSTR,2021-05-27,10.0,7782000,493.85,,111534
MSTR,2021-05-28,10.0,7782000,470.0,,111534
MSTR,2021-06-01,10.0,7782000,477.76,,111534
MSTR,2021-06-02,10.0,7782000,498.5,,111534
MSTR,2021-06-03,10.0,7782000,488.64,,111534
MSTR,2021-06-04,10.0,7782000,484.67,,111534
MSTR,2021-06-07,10.0,7782000,469.81,,111534
MSTR,2021-06-08,10.0,7782000,459.38,,111534
MSTR,2021-06-09,10.0,7782000,512.99,,111534
MSTR,2021-06-10,10.0,7782000,508.65,,111534
MSTR,2021-06-11,10.0,7782000,516.44,,111534
MSTR,2021-06-14,10.0,7782000,598.49,,111534
MSTR,2021-06-15,10.0,7782000,630.54,,111534
MSTR,2021-06-16,10.0,7782000,619.82,,111534
MSTR,2021-06-17,10.0,7782000,630.81,,111534
MSTR,2021-06-18,10.0,7782000,646.46,,111534
MSTR,2021-06-21,10.0,7782000,583.67,,111534
MSTR,2021-06-22,10.0,7782000,553.72,,111534
MSTR,2021-06-23,10.0,7782000,553.0,,111534
MSTR,2021-06-24,10.0,7782000,581.88,,111534
MSTR,2021-06-25,10.0,7782000,550.05,,111534
MSTR,2021-06-28,10.0,7782000,624.17,,111534
MSTR,2021-06-29,10.0,7782000,668.99,,111534
MSTR,2021-06-30,10.0,7782000,664.5,,111534
MSTR,2021-07-01,10.0,7782000,650.86,,111534
MSTR,2021-07-02,10.0,7782000,635.61,,111534
MSTR,2021-07-06,10.0,7782000,634.29,,111534
MSTR,2021-07-07,10.0,7782000,639.86,,111534
MSTR,2021-07-08,10.0,7782000,618.44,,111534
MSTR,2021-07-09,10.0,7782000,628.66,,111534
MSTR,2021-07-12,10.0,7782000,588.69,,111534
MSTR,2021-07-13,10.0,7782000,579.88,,111534
MSTR,2021-07-14,10.0,7782000,560.43,,111534
MSTR,2021-07-15,10.0,7782000,541.04,,111534
MSTR,2021-07-16,10.0,7782000,523.09,,111534
MSTR,2021-07-19,10.0,7782000,498.72,,111534
MSTR,2021-07-20,10.0,7782000,501.78,,111534
MSTR,2021-07-21,10.0,7782000,556.94,,111534
MSTR,2021-07-22,10.0,7782000,555.94,,111534
MSTR,2021-07-23,10.0,7782000,539.71,,111534
MSTR,2021-07-26,10.0,7782000,682.5,,111534
MSTR,2021-07-27,10.0,7782000,630.61,,111534
MSTR,2021-07-28,10.0,7782000,646.65,,111534
MSTR,2021-07-29,10.0,7782000,625.01,,111534
MSTR,2021-07-30,10.0,7783000,626.01,,111534
MSTR,2021-08-02,10.0,7783000,637.79,,111534
MSTR,2021-08-03,10.0,7783000,625.06,,111534
MSTR,2021-08-04,10.0,7783000,670.93,,111534
MSTR,2021-08-05,10.0,7783000,715.62,,111534
MSTR,2021-08-06,10.0,7783000,748.72,,111534
MSTR,2021-08-09,10.0,7783000,767.73,,111534
MSTR,2021-08-10,10.0,7783000,750.49,,111534
MSTR,2021-08-11,10.0,7783000,747.49,,111534
MSTR,2021-08-12,10.0,7783000,720.99,,111534
MSTR,2021-08-13,10.0,7783000,728.0,,111534
MSTR,2021-08-16,10.0,7783000,697.51,,111534
MSTR,2021-08-17,10.0,7783000,663.69,,111534
MSTR,2021-08-18,10.0,7783000,655.05,,111534
MSTR,2021-08-19,10.0,7783000,676.26,,111534
MSTR,2021-08-20,10.0,7783000,716.56,,111534
MSTR,2021-08-23,10.0,7783000,718.51,,111534
MSTR,2021-08-24,10.0,7783000,715.5,,111534
MSTR,2021-08-25,10.0,7783000,726.71,,111534
MSTR,2021-08-26,10.0,7783000,693.66,,111534
MSTR,2021-08-27,10.0,7783000,707.2,,111534
MSTR,2021-08-30,10.0,7783000,702.99,,111534
MSTR,2021-08-31,10.0,7783000,694.3,,111534
MSTR,2021-09-01,10.0,7783000,702.5,,111534
MSTR,2021-09-02,10.0,7783000,695.71,,111534
MSTR,2021-09-03,10.0,7783000,712.26,,111534
MSTR,2021-09-07,10.0,7783000,648.01,,111534
MSTR,2021-09-08,10.0,7783000,638.62,,111534
MSTR,2021-09-09,10.0,7783000,640.62,,111534
MSTR,2021-09-10,10.0,7783000,615.57,,111534
MSTR,2021-09-13,10.0,7783000,642.7,,111534
MSTR,2021-09-14,10.0,7783000,618.48,,111534
MSTR,2021-09-15,10.0,7783000,633.0,,111534
MSTR,2021-09-16,10.0,7783000,633.0,,111534
MSTR,2021-09-17,10.0,7783000,614.29,,111534
MSTR,2021-09-20,10.0,7783000,588.39,,111534
MSTR,2021-09-21,10.0,7783000,581.02,,111534
MSTR,2021-09-22,10.0,7783000,599.61,,111534
MSTR,2021-09-23,10.0,7783000,616.57,,111534
MSTR,2021-09-24,10.0,7783000,599.39,,111534
MSTR,2021-09-27,10.0,7783000,594.75,,111534
MSTR,2021-09-28,10.0,7783000,573.51,,111534
MSTR,2021-09-29,10.0,7783000,566.32,,111534
MSTR,2021-09-30,10.0,7783000,578.4,,111534
MSTR,2021-10-01,10.0,7783000,612.46,,111534
MSTR,2021-10-04,10.0,7783000,607.25,,111534
MSTR,2021-10-05,10.0,7783000,651.01,,111534
MSTR,2021-10-06,10.0,7783000,673.81,,111534
MSTR,2021-10-07,10.0,7783000,692.79,,111534
MSTR,2021-10-08,10.0,7783000,708.82,,111534
MSTR,2021-10-11,10.0,7783000,731.8,,111534
MSTR,2021-10-12,10.0,7783000,710.65,,111534
MSTR,2021-10-13,10.0,7783000,726.3,,111534
MSTR,2021-10-14,10.0,7783000,723.95,,111534
MSTR,2021-10-15,10.0,7783000,749.85,,111534
MSTR,2021-10-18,10.0,7783000,739.64,,111534
MSTR,2021-10-19,10.0,7783000,727.25,,111534
MSTR,2021-10-20,10.0,7783000,758.18,,111534
MSTR,2021-10-21,10.0,7783000,735.43,,111534
MSTR,2021-10-22,10.0,7783000,718.52,,111534
MSTR,2021-10-25,10.0,7783000,746.02,,111534
MSTR,2021-10-26,10.0,7783000,734.86,,111534
MSTR,2021-10-27,10.0,7783000,715.02,,111534
MSTR,2021-10-28,10.0,7783000,717.13,,111534
MSTR,2021-10-29,10.0,8394000,715.06,,111534
MSTR,2021-11-01,10.0,8394000,736.12,,111534
MSTR,2021-11-02,10.0,8394000,794.14,,111534
MSTR,2021-11-03,10.0,8394000,810.25,,111534
MSTR,2021-11-04,10.0,8394000,800.0,,111534
MSTR,2021-11-05,10.0,8394000,797.51,,111534
MSTR,2021-11-08,10.0,8394000,860.0,,111534
MSTR,2021-11-09,10.0,8394000,859.01,,111534
MSTR,2021-11-10,10.0,8394000,816.34,,111534
MSTR,2021-11-11,10.0,8394000,818.36,,111534
MSTR,2021-11-12,10.0,8394000,811.73,,111534
MSTR,2021-11-15,10.0,8394000,795.0,,111534
MSTR,2021-11-16,10.0,8394000,752.02,,111534
MSTR,2021-11-17,10.0,8394000,753.0,,111534
MSTR,2021-11-18,10.0,8394000,727.36,,111534
MSTR,2021-11-19,10.0,8394000,718.31,,111534
MSTR,2021-11-22,10.0,8394000,690.02,,111534
MSTR,2021-11-23,10.0,8394000,696.77,,111534
MSTR,2021-11-24,10.0,8394000,700.9,,111534
MSTR,2021-11-26,10.0,8394000,663.0,,111534
MSTR,2021-11-29,10.0,8394000,695.48,,111534
MSTR,2021-11-30,10.0,8394000,721.43,,111534
MSTR,2021-12-01,10.0,8394000,705.47,,111534
MSTR,2021-12-02,10.0,8394000,683.36,,111534
MSTR,2021-12-03,10.0,8394000,630.99,,111534
MSTR,2021-12-06,10.0,8394000,596.47,,111534
MSTR,2021-12-07,10.0,8394000,628.17,,111534
MSTR,2021-12-08,10.0,8394000,636.54,,111534
MSTR,2021-12-09,10.0,8394000,591.88,,111534
MSTR,2021-12-10,10.0,8394000,600.84,,111534
MSTR,2021-12-13,10.0,8394000,571.64,,111534
MSTR,2021-12-14,10.0,8394000,580.38,,111534
MSTR,2021-12-15,10.0,8394000,598.59,,111534
MSTR,2021-12-16,10.0,8394000,566.94,,111534
MSTR,2021-12-17,10.0,8394000,571.58,,111534
MSTR,2021-12-20,10.0,8394000,546.39,,111534
MSTR,2021-12-21,10.0,8394000,567.5,,111534
MSTR,2021-12-22,10.0,8394000,569.99,,111534
MSTR,2021-12-23,10.0,8394000,597.21,,111534
MSTR,2021-12-27,10.0,8394000,608.28,,111534
MSTR,2021-12-28,10.0,8394000,567.97,,111534
MSTR,2021-12-29,10.0,8394000,556.09,,111534
MSTR,2021-12-30,10.0,8394000,562.34,,111534
MSTR,2021-12-31,10.0,8394000,544.49,,111534
MSTR,2022-01-03,10.0,8394000,558.26,,111534
MSTR,2022-01-04,10.0,8394000,551.07,,111534
MSTR,2022-01-05,10.0,8394000,509.1,,111534
MSTR,2022-01-06,10.0,8394000,498.62,,111534
MSTR,2022-01-07,10.0,8394000,482.95,,111534
MSTR,2022-01-10,10.0,8394000,481.95,,111534
MSTR,2022-01-11,10.0,8394000,506.56,,111534
MSTR,2022-01-12,10.0,8394000,514.64,,111534
MSTR,2022-01-13,10.0,8394000,489.59,,111534
MSTR,2022-01-14,10.0,8394000,499.56,,111534
MSTR,2022-01-18,10.0,8394000,468.28,,111534
MSTR,2022-01-19,10.0,8394000,460.42,,111534
MSTR,2022-01-20,10.0,8394000,457.53,,111534
MSTR,2022-01-21,10.0,8394000,375.89,,111534
MSTR,2022-01-24,10.0,8394000,370.45,,111534
MSTR,2022-01-25,10.0,8394000,365.05,,111534
MSTR,2022-01-26,10.0,8394000,353.65,,111534
MSTR,2022-01-27,10.0,8394000,319.45,,111534
MSTR,2022-01-28,10.0,8394000,338.95,,111534
MSTR,2022-01-31,10.0,8394000,368.01,,111534
MSTR,2022-02-01,10.0,8394000,373.0,,111534
MSTR,2022-02-02,10.0,8394000,348.84,,111534
MSTR,2022-02-03,10.0,8394000,340.09,,111534
MSTR,2022-02-04,10.0,8394000,391.64,,111534
MSTR,2022-02-07,10.0,8394000,413.47,,111534
MSTR,2022-02-08,10.0,8394000,425.43,,111534
MSTR,2022-02-09,10.0,8394000,446.6,,111534
MSTR,2022-02-10,10.0,8394000,431.48,,111534
MSTR,2022-02-11,10.0,8394000,411.01,,111534
MSTR,2022-02-14,10.0,8322000,409.49,,111534
MSTR,2022-02-15,10.0,8322000,437.24,,111534
MSTR,2022-02-16,10.0,8322000,434.98,,111534
MSTR,2022-02-17,10.0,9321000,404.6,,111534
MSTR,2022-02-18,10.0,9321000,395.97,,111534
MSTR,2022-02-22,10.0,9321000,377.7,,111534
MSTR,2022-02-23,10.0,9321000,365.03,,111534
MSTR,2022-02-24,10.0,9321000,396.96,,111534
MSTR,2022-02-25,10.0,9321000,405.0,,111534
MSTR,2022-02-28,10.0,9321000,443.0,,111534
MSTR,2022-03-01,10.0,9321000,464.73,,111534
MSTR,2022-03-02,10.0,9321000,459.29,,111534
MSTR,2022-03-03,10.0,9321000,428.7,,111534
MSTR,2022-03-04,10.0,9321000,410.36,,111534
MSTR,2022-03-07,10.0,9321000,388.91,,111534
MSTR,2022-03-08,10.0,9321000,410.36,,111534
MSTR,2022-03-09,10.0,9321000,436.75,,111534
MSTR,2022-03-10,10.0,9321000,421.13,,111534
MSTR,2022-03-11,10.0,9321000,390.82,,111534
MSTR,2022-03-14,10.0,9321000,369.93,,111534
MSTR,2022-03-15,10.0,9321000,396.14,,111534
MSTR,2022-03-16,10.0,9321000,428.78,,111534
MSTR,2022-03-17,10.0,9321000,434.09,,111534
MSTR,2022-03-18,10.0,9321000,454.28,,111534
MSTR,2022-03-21,10.0,9321000,436.48,,111534
MSTR,2022-03-22,10.0,9321000,459.95,,111534
MSTR,2022-03-23,10.0,9321000,450.69,,111534
MSTR,2022-03-24,10.0,9321000,483.92,,111534
MSTR,2022-03-25,10.0,9321000,472.42,,111534
MSTR,2022-03-28,10.0,9321000,510.0,,111534
MSTR,2022-03-29,10.0,9321000,520.0,,111534
MSTR,2022-03-30,10.0,9321000,500.69,,111534
MSTR,2022-03-31,10.0,9321000,486.32,,111534
MSTR,2022-04-01,10.0,9321000,490.98,,111534
MSTR,2022-04-04,10.0,9321000,501.26,,111534
MSTR,2022-04-05,10.0,9321000,487.28,,111534
MSTR,2022-04-06,10.0,9321000,455.11,,111534
MSTR,2022-04-07,10.0,9321000,463.61,,111534
MSTR,2022-04-08,10.0,9321000,453.24,,111534
MSTR,2022-04-11,10.0,9321000,436.39,,111534
MSTR,2022-04-12,10.0,9321000,443.45,,111534
MSTR,2022-04-13,10.0,9321000,463.58,,111534
MSTR,2022-04-14,10.0,9321000,449.19,,111534
MSTR,2022-04-18,10.0,9321000,445.89,,111534
MSTR,2022-04-19,10.0,9321000,471.14,,111534
MSTR,2022-04-20,10.0,9321000,449.03,,111534
MSTR,2022-04-21,10.0,9321000,427.86,,111534
MSTR,2022-04-22,10.0,9321000,409.08,,111534
MSTR,2022-04-25,10.0,9321000,428.0,,111534
MSTR,2022-04-26,10.0,9321000,391.01,,111534
MSTR,2022-04-27,10.0,9321000,385.78,,111534
MSTR,2022-04-28,10.0,9334000,400.49,,111534
MSTR,2022-04-29,10.0,9334000,354.17,,111534
MSTR,2022-05-02,10.0,9334000,365.91,,111534
MSTR,2022-05-03,10.0,9334000,343.4,,111534
MSTR,2022-05-04,10.0,9334000,366.44,,111534
MSTR,2022-05-05,10.0,9334000,314.52,,111534
MSTR,2022-05-06,10.0,9334000,294.24,,111534
MSTR,2022-05-09,10.0,9334000,219.05,,111534
MSTR,2022-05-10,10.0,9334000,225.52,,111534
MSTR,2022-05-11,10.0,9334000,168.2,,111534
MSTR,2022-05-12,10.0,9334000,171.18,,111534
MSTR,2022-05-13,10.0,9334000,204.57,,111534
MSTR,2022-05-16,10.0,9334000,201.51,,111534
MSTR,2022-05-17,10.0,9334000,224.87,,111534
MSTR,2022-05-18,10.0,9334000,197.44,,111534
MSTR,2022-05-19,10.0,9334000,210.77,,111534
MSTR,2022-05-20,10.0,9334000,202.75,,111534
MSTR,2022-05-23,10.0,9334000,204.37,,111534
MSTR,2022-05-24,10.0,9334000,193.01,,111534
MSTR,2022-05-25,10.0,9334000,198.12,,111534
MSTR,2022-05-26,10.0,9334000,216.1,,111534
MSTR,2022-05-27,10.0,9334000,219.39,,111534
MSTR,2022-05-31,10.0,9334000,264.69,,111534
MSTR,2022-06-01,10.0,9334000,238.14,,111534
MSTR,2022-06-02,10.0,9334000,244.46,,111534
MSTR,2022-06-03,10.0,9334000,227.22,,111534
MSTR,2022-06-06,10.0,9334000,235.44,,111534
MSTR,2022-06-07,10.0,9334000,240.0,,111534
MSTR,2022-06-08,10.0,9334000,232.89,,111534
MSTR,2022-06-09,10.0,9334000,217.76,,111534
MSTR,2022-06-10,10.0,9334000,203.36,,111534
MSTR,2022-06-13,10.0,9334000,152.15,,111534
MSTR,2022-06-14,10.0,9334000,156.87,,111534
MSTR,2022-06-15,10.0,9334000,171.34,,111534
MSTR,2022-06-16,10.0,9334000,161.34,,111534
MSTR,2022-06-17,10.0,9334000,167.6,,111534
MSTR,2022-06-21,10.0,9334000,178.96,,111534
MSTR,2022-06-22,10.0,9334000,170.91,,111534
MSTR,2022-06-23,10.0,9334000,188.31,,111534
MSTR,2022-06-24,10.0,9334000,205.44,,111534
MSTR,2022-06-27,10.0,9334000,196.73,,111534
MSTR,2022-06-28,10.0,9334000,186.12,,111534
MSTR,2022-06-29,10.0,9334000,179.69,,111534
MSTR,2022-06-30,10.0,9334000,164.3,,111534
MSTR,2022-07-01,10.0,9334000,166.77,,111534
MSTR,2022-07-05,10.0,9334000,187.68,,111534
MSTR,2022-07-06,10.0,9334000,188.3,,111534
MSTR,2022-07-07,10.0,9334000,219.51,,111534
MSTR,2022-07-08,10.0,9334000,221.28,,111534
MSTR,2022-07-11,10.0,9334000,200.9,,111534
MSTR,2022-07-12,10.0,9334000,192.52,,111534
MSTR,2022-07-13,10.0,9334000,195.55,,111534
MSTR,2022-07-14,10.0,9334000,204.59,,111534
MSTR,2022-07-15,10.0,9334000,213.98,,111534
MSTR,2022-07-18,10.0,9334000,225.63,,111534
MSTR,2022-07-19,10.0,9334000,267.17,,111534
MSTR,2022-07-20,10.0,9334000,288.77,,111534
MSTR,2022-07-21,10.0,9334000,289.71,,111534
MSTR,2022-07-22,10.0,9334000,281.92,,111534
MSTR,2022-07-25,10.0,9334000,265.86,,111534
MSTR,2022-07-26,10.0,9334000,237.64,,111534
MSTR,2022-07-27,10.0,9334000,262.4,,111534
MSTR,2022-07-28,10.0,9334000,275.72,,111534
MSTR,2022-07-29,10.0,9334000,286.06,,111534
MSTR,2022-08-01,10.0,9334000,275.74,,111534
MSTR,2022-08-02,10.0,9334000,278.26,,111534
MSTR,2022-08-03,10.0,9334000,313.68,,111534
MSTR,2022-08-04,10.0,9334000,309.31,,111534
MSTR,2022-08-05,10.0,9334000,319.15,,111534
MSTR,2022-08-08,10.0,9337000,330.01,,111534
MSTR,2022-08-09,10.0,9337000,319.38,,111534
MSTR,2022-08-10,10.0,9337000,335.8,,111534
MSTR,2022-08-11,10.0,9337000,336.99,,111534
MSTR,2022-08-12,10.0,9337000,352.84,,111534
MSTR,2022-08-15,10.0,9337000,349.08,,111534
MSTR,2022-08-16,10.0,9337000,342.64,,111534
MSTR,2022-08-17,10.0,9337000,325.2,,111534
MSTR,2022-08-18,10.0,9337000,324.38,,111534
MSTR,2022-08-19,10.0,9337000,283.0,,111534
MSTR,2022-08-22,10.0,9337000,268.09,,111534
MSTR,2022-08-23,10.0,9337000,265.8,,111534
MSTR,2022-08-24,10.0,9337000,274.41,,111534
MSTR,2022-08-25,10.0,9337000,272.81,,111534
MSTR,2022-08-26,10.0,9337000,249.2,,111534
MSTR,2022-08-29,10.0,9337000,244.96,,111534
MSTR,2022-08-30,10.0,9337000,240.23,,111534
MSTR,2022-08-31,10.0,9337000,231.56,,111534
MSTR,2022-09-01,10.0,9337000,220.92,,111534
MSTR,2022-09-02,10.0,9337000,218.06,,111534
MSTR,2022-09-06,10.0,9337000,204.25,,111534
MSTR,2022-09-07,10.0,9337000,218.61,,111534
MSTR,2022-09-08,10.0,9337000,234.5,,111534
MSTR,2022-09-09,10.0,9337000,261.97,,111534
MSTR,2022-09-12,10.0,9342000,262.98,,111534
MSTR,2022-09-13,10.0,9342000,231.25,,111534
MSTR,2022-09-14,10.0,9342000,225.99,,111534
MSTR,2022-09-15,10.0,9342000,216.94,,111534
MSTR,2022-09-16,10.0,9342000,206.34,,111534
MSTR,2022-09-19,10.0,9342000,206.2,,111534
MSTR,2022-09-20,10.0,9342000,196.6,,111534
MSTR,2022-09-21,10.0,9342000,195.92,,111534
MSTR,2022-09-22,10.0,9342000,192.32,,111534
MSTR,2022-09-23,10.0,9342000,191.45,,111534
MSTR,2022-09-26,10.0,9342000,200.18,,111534
MSTR,2022-09-27,10.0,9342000,206.07,,111534
MSTR,2022-09-28,10.0,9342000,220.47,,111534
MSTR,2022-09-29,10.0,9342000,211.82,,111534
MSTR,2022-09-30,10.0,9342000,212.26,,111534
MSTR,2022-10-03,10.0,9342000,224.52,,111534
MSTR,2022-10-04,10.0,9342000,248.74,,111534
MSTR,2022-10-05,10.0,9342000,242.19,,111534
MSTR,2022-10-06,10.0,9342000,241.67,,111534
MSTR,2022-10-07,10.0,9342000,220.3,,111534
MSTR,2022-10-10,10.0,9342000,220.65,,111534
MSTR,2022-10-11,10.0,9342000,216.37,,111534
MSTR,2022-10-12,10.0,9342000,218.38,,111534
MSTR,2022-10-13,10.0,9342000,220.54,,111534
MSTR,2022-10-14,10.0,9342000,209.31,,111534
MSTR,2022-10-17,10.0,9342000,221.13,,111534
MSTR,2022-10-18,10.0,9342000,235.0,,111534
MSTR,2022-10-19,10.0,9342000,226.08,,111534
MSTR,2022-10-20,10.0,9342000,221.01,,111534
MSTR,2022-10-21,10.0,9342000,232.62,,111534
MSTR,2022-10-24,10.0,9342000,237.6,,111534
MSTR,2022-10-25,10.0,9342000,268.69,,111534
MSTR,2022-10-26,10.0,9342000,272.72,,111534
MSTR,2022-10-27,10.0,9342000,270.56,,111534
MSTR,2022-10-28,10.0,9342000,279.99,,111534
MSTR,2022-10-31,10.0,9342000,267.51,,111534
MSTR,2022-11-01,10.0,9342000,257.2,,111534
MSTR,2022-11-02,10.0,9342000,248.23,,111534
MSTR,2022-11-03,10.0,9354000,248.44,,111534
MSTR,2022-11-04,10.0,9354000,277.1,,111534
MSTR,2022-11-07,10.0,9354000,266.64,,111534
MSTR,2022-11-08,10.0,9354000,211.84,,111534
MSTR,2022-11-09,10.0,9354000,170.36,,111534
MSTR,2022-11-10,10.0,9354000,175.0,,111534
MSTR,2022-11-11,10.0,9354000,175.18,,111534
MSTR,2022-11-14,10.0,9354000,165.9,,111534
MSTR,2022-11-15,10.0,9354000,171.53,,111534
MSTR,2022-11-16,10.0,9354000,169.44,,111534
MSTR,2022-11-17,10.0,9354000,173.88,,111534
MSTR,2022-11-18,10.0,9354000,170.12,,111534
MSTR,2022-11-21,10.0,9354000,157.22,,111534
MSTR,2022-11-22,10.0,9354000,167.08,,111534
MSTR,2022-11-23,10.0,9354000,176.39,,111534
MSTR,2022-11-25,10.0,9354000,183.0,,111534
MSTR,2022-11-28,10.0,9354000,176.67,,111534
MSTR,2022-11-29,10.0,9354000,182.0,,111534
MSTR,2022-11-30,10.0,9354000,198.09,,111534
MSTR,2022-12-01,10.0,9354000,198.98,,111534
MSTR,2022-12-02,10.0,9354000,206.94,,111534
MSTR,2022-12-05,10.0,9354000,195.67,,111534
MSTR,2022-12-06,10.0,9354000,195.52,,111534
MSTR,2022-12-07,10.0,9354000,193.49,,111534
MSTR,2022-12-08,10.0,9354000,202.57,,111534
MSTR,2022-12-09,10.0,9354000,203.25,,111534
MSTR,2022-12-12,10.0,9354000,196.16,,111534
MSTR,2022-12-13,10.0,9354000,201.81,,111534
MSTR,2022-12-14,10.0,9354000,202.73,,111534
MSTR,2022-12-15,10.0,9354000,188.0,,111534
MSTR,2022-12-16,10.0,9354000,173.75,,111534
MSTR,2022-12-19,10.0,9354000,170.21,,111534
MSTR,2022-12-20,10.0,9354000,168.85,,111534
MSTR,2022-12-21,10.0,9354000,168.82,,111534
MSTR,2022-12-22,10.0,9354000,166.23,,111534
MSTR,2022-12-23,10.0,9354000,162.67,,111534
MSTR,2022-12-27,10.0,9354000,147.74,,111534
MSTR,2022-12-28,10.0,9354000,138.09,,111534
MSTR,2022-12-29,10.0,9354000,136.63,,111534
MSTR,2022-12-30,10.0,9354000,141.57,,111534
MSTR,2023-01-03,10.0,9354000,145.02,,111534
MSTR,2023-01-04,10.0,9354000,165.06,,111534
MSTR,2023-01-05,10.0,9354000,156.56,,111534
MSTR,2023-01-06,10.0,9354000,160.45,,111534
MSTR,2023-01-09,10.0,9354000,175.01,,111534
MSTR,2023-01-10,10.0,9354000,190.0,,111534
MSTR,2023-01-11,10.0,9354000,194.76,,111534
MSTR,2023-01-12,10.0,9354000,210.17,,111534
MSTR,2023-01-13,10.0,9354000,216.97,,111534
MSTR,2023-01-17,10.0,9354000,235.92,,111534
MSTR,2023-01-18,10.0,9354000,221.19,,111534
MSTR,2023-01-19,10.0,9354000,221.45,,111534
MSTR,2023-01-20,10.0,9354000,240.03,,111534
MSTR,2023-01-23,10.0,9354000,250.215,,111534
MSTR,2023-01-24,10.0,9354000,247.5,,111534
MSTR,2023-01-25,10.0,9354000,245.84,,111534
MSTR,2023-01-26,10.0,9354000,245.32,,111534
MSTR,2023-01-27,10.0,9354000,258.36,,111534
MSTR,2023-01-30,10.0,9354000,245.69,,111534
MSTR,2023-01-31,10.0,9354000,251.73,,111534
MSTR,2023-02-01,10.0,9354000,267.92,,111534
MSTR,2023-02-02,10.0,9354000,292.13,,111534
MSTR,2023-02-03,10.0,9354000,284.76,,111534
MSTR,2023-02-06,10.0,9354000,282.05,,111534
MSTR,2023-02-07,10.0,9354000,283.87,,111534
MSTR,2023-02-08,10.0,9354000,275.96,,111534
MSTR,2023-02-09,10.0,9354000,249.04,,111534
MSTR,2023-02-10,10.0,9354000,243.37,,111534
MSTR,2023-02-13,10.0,9354000,249.25,,111534
MSTR,2023-02-14,10.0,9354000,271.14,,111534
MSTR,2023-02-15,10.0,9354000,298.4,,111534
MSTR,2023-02-16,10.0,9354000,284.03,,111534
MSTR,2023-02-17,10.0,9585000,294.05,,111534
MSTR,2023-02-21,10.0,9585000,269.92,,111534
MSTR,2023-02-22,10.0,9585000,268.58,,111534
MSTR,2023-02-23,10.0,9585000,265.75,,111534
MSTR,2023-02-24,10.0,9585000,255.8,,111534
MSTR,2023-02-27,10.0,9585000,258.65,,111534
MSTR,2023-02-28,10.0,9585000,262.27,,111534
MSTR,2023-03-01,10.0,9585000,257.91,,111534
MSTR,2023-03-02,10.0,9585000,252.89,,111534
MSTR,2023-03-03,10.0,9585000,246.91,,111534
MSTR,2023-03-06,10.0,9585000,237.45,,111534
MSTR,2023-03-07,10.0,9585000,231.44,,111534
MSTR,2023-03-08,10.0,9585000,232.72,,111534
MSTR,2023-03-09,10.0,9585000,210.82,,111534
MSTR,2023-03-10,10.0,9585000,192.01,,111534
MSTR,2023-03-13,10.0,9585000,223.16,,111534
MSTR,2023-03-14,10.0,9585000,229.47,,111534
MSTR,2023-03-15,10.0,9585000,227.55,,111534
MSTR,2023-03-16,10.0,9585000,241.08,,111534
MSTR,2023-03-17,10.0,9585000,267.66,,111534
MSTR,2023-03-20,10.0,9585000,263.96,,111534
MSTR,2023-03-21,10.0,9585000,273.38,,111534
MSTR,2023-03-22,10.0,9585000,246.86,,111534
MSTR,2023-03-23,10.0,9585000,263.33,,111534
MSTR,2023-03-24,10.0,9585000,256.67,,111534
MSTR,2023-03-27,10.0,9585000,238.96,,111534
MSTR,2023-03-28,10.0,9585000,248.26,,111534
MSTR,2023-03-29,10.0,9585000,284.03,,111534
MSTR,2023-03-30,10.0,9585000,279.23,,111534
MSTR,2023-03-31,10.0,9585000,292.32,,111534
MSTR,2023-04-03,10.0,9585000,297.39,,111534
MSTR,2023-04-04,10.0,9585000,298.98,,111534
MSTR,2023-04-05,10.0,9585000,290.84,,111534
MSTR,2023-04-06,10.0,9585000,290.1,,111534
MSTR,2023-04-10,10.0,9585000,312.78,,111534
MSTR,2023-04-11,10.0,9585000,332.35,,111534
MSTR,2023-04-12,10.0,9585000,322.83,,111534
MSTR,2023-04-13,10.0,9585000,340.72,,111534
MSTR,2023-04-14,10.0,9585000,333.75,,111534
MSTR,2023-04-17,10.0,9585000,313.03,,111534
MSTR,2023-04-18,10.0,9585000,329.85,,111534
MSTR,2023-04-19,10.0,9585000,314.72,,111534
MSTR,2023-04-20,10.0,9585000,294.71,,111534
MSTR,2023-04-21,10.0,9585000,291.02,,111534
MSTR,2023-04-24,10.0,9585000,285.33,,111534
MSTR,2023-04-25,10.0,9585000,290.91,,111534
MSTR,2023-04-26,10.0,9585000,299.46,,111534
MSTR,2023-04-27,10.0,9585000,318.64,,111534
MSTR,2023-04-28,10.0,9585000,328.38,,111534
MSTR,2023-05-01,10.0,9585000,307.47,,111534
MSTR,2023-05-02,10.0,9585000,328.01,,111534
MSTR,2023-05-03,10.0,9585000,304.25,,111534
MSTR,2023-05-04,10.0,9585000,312.235,,111534
MSTR,2023-05-05,10.0,9585000,326.72,,111534
MSTR,2023-05-08,10.0,9585000,294.67,,111534
MSTR,2023-05-09,10.0,9585000,303.43,,111534
MSTR,2023-05-10,10.0,9585000,315.11,,111534
MSTR,2023-05-11,10.0,9585000,287.37,,111534
MSTR,2023-05-12,10.0,9585000,271.0,,111534
MSTR,2023-05-15,10.0,10995000,282.5,,111534
MSTR,2023-05-16,10.0,10995000,273.44,,111534
MSTR,2023-05-17,10.0,10995000,290.57,,111534
MSTR,2023-05-18,10.0,10995000,287.58,,111534
MSTR,2023-05-19,10.0,10995000,288.28,,111534
MSTR,2023-05-22,10.0,10995000,294.12,,111534
MSTR,2023-05-23,10.0,10995000,289.33,,111534
MSTR,2023-05-24,10.0,10995000,284.43,,111534
MSTR,2023-05-25,10.0,10995000,280.99,,111534
MSTR,2023-05-26,10.0,10995000,285.1,,111534
MSTR,2023-05-30,10.0,10995000,299.27,,111534
MSTR,2023-05-31,10.0,10995000,301.63,,111534
MSTR,2023-06-01,10.0,10995000,299.94,,111534
MSTR,2023-06-02,10.0,10995000,302.13,,111534
MSTR,2023-06-05,10.0,10995000,276.36,,111534
MSTR,2023-06-06,10.0,10995000,298.82,,111534
MSTR,2023-06-07,10.0,10995000,290.81,,111534
MSTR,2023-06-08,10.0,10995000,290.93,,111534
MSTR,2023-06-09,10.0,10995000,282.33,,111534
MSTR,2023-06-12,10.0,10995000,277.7,,111534
MSTR,2023-06-13,10.0,10995000,283.82,,111534
MSTR,2023-06-14,10.0,10995000,282.88,,111534
MSTR,2023-06-15,10.0,10995000,277.92,,111534
MSTR,2023-06-16,10.0,10995000,293.39,,111534
MSTR,2023-06-20,10.0,10995000,313.4,,111534
MSTR,2023-06-21,10.0,10995000,331.31,,111534
MSTR,2023-06-22,10.0,10995000,327.23,,111534
MSTR,2023-06-23,10.0,10995000,329.11,,111534
MSTR,2023-06-26,10.0,10995000,305.74,,111534
MSTR,2023-06-27,10.0,10995000,324.88,,111534
MSTR,2023-06-28,10.0,10995000,325.61,,111534
MSTR,2023-06-29,10.0,10995000,340.255,,111534
MSTR,2023-06-30,10.0,10995000,342.42,,111534
MSTR,2023-07-03,10.0,10995000,377.84,,111534
MSTR,2023-07-05,10.0,10995000,378.11,,111534
MSTR,2023-07-06,10.0,10995000,376.55,,111534
MSTR,2023-07-07,10.0,10995000,380.74,,111534
MSTR,2023-07-10,10.0,10995000,407.71,,111534
MSTR,2023-07-11,10.0,10995000,412.3,,111534
MSTR,2023-07-12,10.0,10995000,413.49,,111534
MSTR,2023-07-13,10.0,10995000,461.83,,111534
MSTR,2023-07-14,10.0,10995000,458.86,,111534
MSTR,2023-07-17,10.0,10995000,449.88,,111534
MSTR,2023-07-18,10.0,10995000,445.795,,111534
MSTR,2023-07-19,10.0,10995000,453.1,,111534
MSTR,2023-07-20,10.0,10995000,440.83,,111534
MSTR,2023-07-21,10.0,10995000,436.65,,111534
MSTR,2023-07-24,10.0,10995000,430.935,,111534
MSTR,2023-07-25,10.0,10995000,436.82,,111534
MSTR,2023-07-26,10.0,10995000,443.46,,111534
MSTR,2023-07-27,10.0,10995000,426.15,,111534
MSTR,2023-07-28,10.0,10995000,434.61,,111534
MSTR,2023-07-31,10.0,10995000,437.88,,111534
MSTR,2023-08-01,10.0,10995000,434.98,,111534
MSTR,2023-08-02,10.0,12123000,407.33,,111534
MSTR,2023-08-03,10.0,12123000,389.91,,111534
MSTR,2023-08-04,10.0,12123000,376.97,,111534
MSTR,2023-08-07,10.0,12123000,370.82,,111534
MSTR,2023-08-08,10.0,12123000,389.48,,111534
MSTR,2023-08-09,10.0,12123000,377.84,,111534
MSTR,2023-08-10,10.0,12123000,378.01,,111534
MSTR,2023-08-11,10.0,12123000,384.31,,111534
MSTR,2023-08-14,10.0,12123000,388.83,,111534
MSTR,2023-08-15,10.0,12123000,376.15,,111534
MSTR,2023-08-16,10.0,12123000,369.67,,111534
MSTR,2023-08-17,10.0,12123000,346.79,,111534
MSTR,2023-08-18,10.0,12123000,328.62,,111534
MSTR,2023-08-21,10.0,12123000,335.25,,111534
MSTR,2023-08-22,10.0,12123000,329.51,,111534
MSTR,2023-08-23,10.0,12123000,346.4,,111534
MSTR,2023-08-24,10.0,12123000,336.56,,111534
MSTR,2023-08-25,10.0,12123000,336.05,,111534
MSTR,2023-08-28,10.0,12123000,344.37,,111534
MSTR,2023-08-29,10.0,12123000,381.52,,111534
MSTR,2023-08-30,10.0,12123000,371.68,,111534
MSTR,2023-08-31,10.0,12123000,357.53,,111534
MSTR,2023-09-01,10.0,12123000,351.48,,111534
MSTR,2023-09-05,10.0,12123000,349.25,,111534
MSTR,2023-09-06,10.0,12123000,350.7,,111534
MSTR,2023-09-07,10.0,12123000,353.07,,111534
MSTR,2023-09-08,10.0,12123000,356.28,,111534
MSTR,2023-09-11,10.0,12123000,342.68,,111534
MSTR,2023-09-12,10.0,12123000,347.76,,111534
MSTR,2023-09-13,10.0,12123000,341.84,,111534
MSTR,2023-09-14,10.0,12123000,346.4,,111534
MSTR,2023-09-15,10.0,12123000,340.78,,111534
MSTR,2023-09-18,10.0,12123000,340.62,,111534
MSTR,2023-09-19,10.0,12123000,339.26,,111534
MSTR,2023-09-20,10.0,12123000,333.47,,111534
MSTR,2023-09-21,10.0,12123000,326.06,,111534
MSTR,2023-09-22,10.0,12123000,322.81,,111534
MSTR,2023-09-25,10.0,12123000,327.6,,111534
MSTR,2023-09-26,10.0,12123000,317.3,,111534
MSTR,2023-09-27,10.0,12123000,315.63,,111534
MSTR,2023-09-28,10.0,12123000,328.92,,111534
MSTR,2023-09-29,10.0,12123000,328.28,,111534
MSTR,2023-10-02,10.0,12123000,329.49,,111534
MSTR,2023-10-03,10.0,12123000,311.33,,111534
MSTR,2023-10-04,10.0,12123000,320.4,,111534
MSTR,2023-10-05,10.0,12123000,323.42,,111534
MSTR,2023-10-06,10.0,12123000,340.63,,111534
MSTR,2023-10-09,10.0,12123000,340.45,,111534
MSTR,2023-10-10,10.0,12123000,340.46,,111534
MSTR,2023-10-11,10.0,12123000,334.61,,111534
MSTR,2023-10-12,10.0,12123000,323.6,,111534
MSTR,2023-10-13,10.0,12123000,318.22,,111534
MSTR,2023-10-16,10.0,12123000,325.8,,111534
MSTR,2023-10-17,10.0,12123000,335.41,,111534
MSTR,2023-10-18,10.0,12123000,329.14,,111534
MSTR,2023-10-19,10.0,12123000,342.35,,111534
MSTR,2023-10-20,10.0,12123000,348.04,,111534
MSTR,2023-10-23,10.0,12123000,377.49,,111534
MSTR,2023-10-24,10.0,12123000,424.87,,111534
MSTR,2023-10-25,10.0,12123000,433.22,,111534
MSTR,2023-10-26,10.0,12123000,413.45,,111534
MSTR,2023-10-27,10.0,12123000,406.76,,111534
MSTR,2023-10-30,10.0,12123000,420.22,,111534
MSTR,2023-10-31,10.0,12123000,423.39,,111534
MSTR,2023-11-01,10.0,12123000,426.67,,111534
MSTR,2023-11-02,10.0,12123000,453.63,,111534
MSTR,2023-11-03,10.0,12554000,453.95,,111534
MSTR,2023-11-06,10.0,12554000,459.63,,111534
MSTR,2023-11-07,10.0,12554000,473.55,,111534
MSTR,2023-11-08,10.0,12554000,474.5,,111534
MSTR,2023-11-09,10.0,12554000,494.07,,111534
MSTR,2023-11-10,10.0,12554000,509.18,,111534
MSTR,2023-11-13,10.0,12554000,504.88,,111534
MSTR,2023-11-14,10.0,12554000,480.0,,111534
MSTR,2023-11-15,10.0,12554000,505.95,,111534
MSTR,2023-11-16,10.0,12554000,489.08,,111534
MSTR,2023-11-17,10.0,12554000,486.22,,111534
MSTR,2023-11-20,10.0,12554000,508.53,,111534
MSTR,2023-11-21,10.0,12554000,493.04,,111534
MSTR,2023-11-22,10.0,12554000,507.88,,111534
MSTR,2023-11-24,10.0,12554000,520.24,,111534
MSTR,2023-11-27,10.0,12554000,495.38,,111534
MSTR,2023-11-28,10.0,12554000,505.87,,111534
MSTR,2023-11-29,10.0,12554000,507.1,,111534
MSTR,2023-11-30,10.0,12554000,498.3,,111534
MSTR,2023-12-01,10.0,12554000,527.68,,111534
MSTR,2023-12-04,10.0,13673000,563.22,,111534
MSTR,2023-12-05,10.0,13673000,577.5,,111534
MSTR,2023-12-06,10.0,13673000,568.885,,111534
MSTR,2023-12-07,10.0,13673000,571.09,,111534
MSTR,2023-12-08,10.0,13673000,599.39,,111534
MSTR,2023-12-11,10.0,13673000,555.8,,111534
MSTR,2023-12-12,10.0,13673000,558.32,,111534
MSTR,2023-12-13,10.0,13673000,586.0,,111534
MSTR,2023-12-14,10.0,13673000,582.37,,111534
MSTR,2023-12-15,10.0,13673000,570.41,,111534
MSTR,2023-12-18,10.0,13673000,571.9,,111534
MSTR,2023-12-19,10.0,13673000,571.3,,111534
MSTR,2023-12-20,10.0,13673000,573.47,,111534
MSTR,2023-12-21,10.0,13673000,581.95,,111534
MSTR,2023-12-22,10.0,13673000,619.24,,111534
MSTR,2023-12-26,10.0,13673000,603.89,,111534
MSTR,2023-12-27,10.0,13673000,670.71,,111534
MSTR,2023-12-28,10.0,13673000,667.88,,111534
MSTR,2023-12-29,10.0,14750000,631.62,,111534
MSTR,2024-01-02,10.0,14750000,685.15,,111534
MSTR,2024-01-03,10.0,14750000,631.06,,111534
MSTR,2024-01-04,10.0,14750000,655.81,,111534
MSTR,2024-01-05,10.0,14750000,631.08,,111534
MSTR,2024-01-08,10.0,14750000,598.01,,111534
MSTR,2024-01-09,10.0,14750000,577.29,,111534
MSTR,2024-01-10,10.0,14750000,565.67,,111534
MSTR,2024-01-11,10.0,14750000,536.18,,111534
MSTR,2024-01-12,10.0,14750000,485.53,,111534
MSTR,2024-01-16,10.0,14750000,482.14,,111534
MSTR,2024-01-17,10.0,14750000,499.0,,111534
MSTR,2024-01-18,10.0,14750000,486.6,,111534
MSTR,2024-01-19,10.0,14750000,481.0,,111534
MSTR,2024-01-22,10.0,14750000,470.19,,111534
MSTR,2024-01-23,10.0,14750000,450.19,,111534
MSTR,2024-01-24,10.0,14750000,450.99,,111534
MSTR,2024-01-25,10.0,14750000,457.78,,111534
MSTR,2024-01-26,10.0,14750000,494.5,,111534
MSTR,2024-01-29,10.0,14750000,513.81,,111534
MSTR,2024-01-30,10.0,14750000,519.51,,111534
MSTR,2024-01-31,10.0,14750000,501.21,,111534
MSTR,2024-02-01,10.0,14750000,503.48,,111534
MSTR,2024-02-02,10.0,14750000,500.1,,111534
MSTR,2024-02-05,10.0,14750000,490.6,,111534
MSTR,2024-02-06,10.0,14750000,498.0,,111534
MSTR,2024-02-07,10.0,14750000,508.01,,111534
MSTR,2024-02-08,10.0,14904000,587.81,,111534
MSTR,2024-02-09,10.0,14904000,646.32,,111534
MSTR,2024-02-12,10.0,14904000,717.52,,111534
MSTR,2024-02-13,10.0,14904000,686.02,,111534
MSTR,2024-02-14,10.0,14904000,769.88,,111534
MSTR,2024-02-15,10.0,14904000,718.0,,111534
MSTR,2024-02-16,10.0,14904000,699.56,,111534
MSTR,2024-02-20,10.0,15004000,704.98,,111534
MSTR,2024-02-21,10.0,15004000,672.8,,111534
MSTR,2024-02-22,10.0,15004000,713.15,,111534
MSTR,2024-02-23,10.0,15004000,687.44,,111534
MSTR,2024-02-26,10.0,15004000,796.48,,111534
MSTR,2024-02-27,10.0,15004000,871.8,,111534
MSTR,2024-02-28,10.0,15004000,962.95,,111534
MSTR,2024-02-29,10.0,15004000,1022.84,,111534
MSTR,2024-03-01,10.0,15004000,1079.39,,111534
MSTR,2024-03-04,10.0,15004000,1334.01,,111534
MSTR,2024-03-05,10.0,15004000,1051.01,,111534
MSTR,2024-03-06,10.0,15004000,1246.21,,111534
MSTR,2024-03-07,10.0,15004000,1300.02,,111534
MSTR,2024-03-08,10.0,15004000,1425.59,,111534
MSTR,2024-03-11,10.0,15004000,1484.23,,111534
MSTR,2024-03-12,10.0,15004000,1593.35,,111534
MSTR,2024-03-13,10.0,15004000,1766.15,,111534
MSTR,2024-03-14,10.0,15004000,1676.85,,111534
MSTR,2024-03-15,10.0,15004000,1782.36,,111534
MSTR,2024-03-18,10.0,15004000,1502.76,,111534
MSTR,2024-03-19,10.0,15004000,1417.5,,111534
MSTR,2024-03-20,10.0,15004000,1546.52,,111534
MSTR,2024-03-21,10.0,15004000,1599.29,,111534
MSTR,2024-03-22,10.0,15004000,1523.0,,111534
MSTR,2024-03-25,10.0,15004000,1856.0,,111534
MSTR,2024-03-26,10.0,15004000,1876.99,,111534
MSTR,2024-03-27,10.0,15004000,1919.16,,111534
MSTR,2024-03-28,10.0,15004000,1704.56,,111534
MSTR,2024-04-01,10.0,15004000,1636.74,,111534
MSTR,2024-04-02,10.0,15004000,1578.83,,111534
MSTR,2024-04-03,10.0,15004000,1606.11,,111534
MSTR,2024-04-04,10.0,15004000,1615.42,,111534
MSTR,2024-04-05,10.0,15004000,1439.0,,111534
MSTR,2024-04-08,10.0,15004000,1512.99,,111534
MSTR,2024-04-09,10.0,15004000,1441.02,,111534
MSTR,2024-04-10,10.0,15004000,1566.0,,111534
MSTR,2024-04-11,10.0,15004000,1551.81,,111534
MSTR,2024-04-12,10.0,15004000,1479.58,,111534
MSTR,2024-04-15,10.0,15004000,1335.88,,111534
MSTR,2024-04-16,10.0,15004000,1254.03,,111534
MSTR,2024-04-17,10.0,15004000,1188.05,,111534
MSTR,2024-04-18,10.0,15004000,1208.16,,111534
MSTR,2024-04-19,10.0,15004000,1174.11,,111534
MSTR,2024-04-22,10.0,15004000,1324.01,,111534
MSTR,2024-04-23,10.0,15004000,1338.64,,111534
MSTR,2024-04-24,10.0,15004000,1265.67,,111534
MSTR,2024-04-25,10.0,15004000,1240.41,,111534
MSTR,2024-04-26,10.0,15004000,1282.38,,111534
MSTR,2024-04-29,10.0,15004000,1292.97,,111534
MSTR,2024-04-30,10.0,15004000,1065.03,,111534
MSTR,2024-05-01,10.0,15004000,1028.27,,111534
MSTR,2024-05-02,10.0,15004000,1129.42,,111534
MSTR,2024-05-03,10.0,15004000,1223.01,,111534
MSTR,2024-05-06,10.0,15673000,1268.81,,111534
MSTR,2024-05-07,10.0,15673000,1257.45,,111534
MSTR,2024-05-08,10.0,15673000,1233.12,,111534
MSTR,2024-05-09,10.0,15673000,1263.64,,111534
MSTR,2024-05-10,10.0,15673000,1180.48,,111534
MSTR,2024-05-13,10.0,15773000,1245.96,,111534
MSTR,2024-05-14,10.0,15773000,1297.63,,111534
MSTR,2024-05-15,10.0,15773000,1503.47,,111534
MSTR,2024-05-16,10.0,15773000,1439.98,,111534
MSTR,2024-05-17,10.0,15773000,1584.5,,111534
MSTR,2024-05-20,10.0,15773000,1727.24,,111534
MSTR,2024-05-21,10.0,15773000,1655.42,,111534
MSTR,2024-05-22,10.0,15773000,1647.0,,111534
MSTR,2024-05-23,10.0,15773000,1544.07,,111534
MSTR,2024-05-24,10.0,15773000,1684.84,,111534
MSTR,2024-05-28,10.0,15773000,1675.35,,111534
MSTR,2024-05-29,10.0,15773000,1618.7,,111534
MSTR,2024-05-30,10.0,15773000,1541.0,,111534
MSTR,2024-05-31,10.0,15773000,1524.49,,111534
MSTR,2024-06-03,10.0,15773000,1627.41,,111534
MSTR,2024-06-04,10.0,15773000,1638.77,,111534
MSTR,2024-06-05,10.0,15773000,1694.69,,111534
MSTR,2024-06-06,10.0,15773000,1656.63,,111534
MSTR,2024-06-07,10.0,15773000,1596.2,,111534
MSTR,2024-06-10,10.0,15773000,1599.92,,111534
MSTR,2024-06-11,10.0,15773000,1555.49,,111534
MSTR,2024-06-12,10.0,15773000,1603.67,,111534
MSTR,2024-06-13,10.0,15773000,1483.88,,111534
MSTR,2024-06-14,10.0,15773000,1495.54,,111534
MSTR,2024-06-17,10.0,15773000,1507.26,,111534
MSTR,2024-06-18,10.0,15773000,1469.43,,111534
MSTR,2024-06-20,10.0,15773000,1465.4,,111534
MSTR,2024-06-21,10.0,15773000,1483.76,,111534
MSTR,2024-06-24,10.0,15773000,1372.15,,111534
MSTR,2024-06-25,10.0,15773000,1495.74,,111534
MSTR,2024-06-26,10.0,15773000,1457.73,,111534
MSTR,2024-06-27,10.0,15773000,1525.4,,111534
MSTR,2024-06-28,10.0,15773000,1377.48,,111534
MSTR,2024-07-01,10.0,15773000,1365.97,,111534
MSTR,2024-07-02,10.0,15773000,1320.19,,111534
MSTR,2024-07-03,10.0,15773000,1302.09,,111534
MSTR,2024-07-05,10.0,15773000,1281.72,,111534
MSTR,2024-07-08,10.0,15773000,1290.58,,111534
MSTR,2024-07-09,10.0,15773000,1301.77,,111534
MSTR,2024-07-10,10.0,15773000,1305.72,,111534
MSTR,2024-07-11,10.0,15773000,1358.56,,111534
MSTR,2024-07-12,10.0,15773000,1396.76,,111534
MSTR,2024-07-15,10.0,15773000,1611.28,,111534
MSTR,2024-07-16,10.0,15773000,1664.3,,111534
MSTR,2024-07-17,10.0,15773000,1590.0,,111534
MSTR,2024-07-18,10.0,15773000,1555.16,,111534
MSTR,2024-07-19,10.0,15773000,1778.5,,111534
MSTR,2024-07-22,10.0,15773000,1800.09,,111534
MSTR,2024-07-23,10.0,15773000,1721.77,,111534
MSTR,2024-07-24,10.0,15773000,1672.69,,111534
MSTR,2024-07-25,10.0,15773000,1606.47,,111534
MSTR,2024-07-26,10.0,15773000,1752.71,,111534
MSTR,2024-07-29,10.0,15773000,1684.85,,111534
MSTR,2024-07-30,10.0,15773000,1604.07,,111534
MSTR,2024-07-31,10.0,15773000,1614.44,,111534
MSTR,2024-08-01,10.0,15773000,1511.81,,111534
MSTR,2024-08-02,10.0,17468000,1447.99,,111534
MSTR,2024-08-05,10.0,17468000,1309.0,,111534
MSTR,2024-08-06,10.0,17468000,1369.21,,111534
MSTR,2024-08-07,10.0,17468000,1246.85,,111534
MSTR,2024-08-08,1.0,174680000,135.99,,111534
MSTR,2024-08-09,1.0,174680000,135.37,,111534
MSTR,2024-08-12,1.0,174680000,131.46,,111534
MSTR,2024-08-13,1.0,174680000,135.38,,111534
MSTR,2024-08-14,1.0,174680000,130.37,,111534
MSTR,2024-08-15,1.0,174680000,131.93,,111534
MSTR,2024-08-16,1.0,174680000,133.04,,111534
MSTR,2024-08-19,1.0,174680000,135.35,,111534
MSTR,2024-08-20,1.0,174680000,133.69,,111534
MSTR,2024-08-21,1.0,174680000,141.42,,111534
MSTR,2024-08-22,1.0,174680000,133.81,,111534
MSTR,2024-08-23,1.0,174680000,150.01,,111534
MSTR,2024-08-26,1.0,174680000,146.9,,111534
MSTR,2024-08-27,1.0,174680000,140.01,,111534
MSTR,2024-08-28,1.0,174680000,132.09,,111534
MSTR,2024-08-29,1.0,174680000,132.56,,111534
MSTR,2024-08-30,1.0,174680000,132.42,,111534
MSTR,2024-09-03,1.0,174680000,122.32,,111534
MSTR,2024-09-04,1.0,174680000,124.85,,111534
MSTR,2024-09-05,1.0,174680000,119.57,,111534
MSTR,2024-09-06,1.0,174680000,114.3,,111534
MSTR,2024-09-09,1.0,174680000,124.82,,111534
MSTR,2024-09-10,1.0,174680000,129.64,,111534
MSTR,2024-09-11,1.0,174680000,129.28,,111534
MSTR,2024-09-12,1.0,174680000,130.77,,111534
MSTR,2024-09-13,1.0,174680000,141.47,,111534
MSTR,2024-09-16,1.0,182988000,134.53,,111534
MSTR,2024-09-17,1.0,182988000,131.27,,111534
MSTR,2024-09-18,1.0,182988000,132.67,,111534
MSTR,2024-09-19,1.0,182988000,144.66,,111534
MSTR,2024-09-20,1.0,182988000,144.78,,111534
MSTR,2024-09-23,1.0,182988000,149.97,,111534
MSTR,2024-09-24,1.0,182995000,153.88,,111534
MSTR,2024-09-25,1.0,182995000,151.94,,111534
MSTR,2024-09-26,1.0,182995000,165.98,,111534
MSTR,2024-09-27,1.0,182995000,176.22,,111534
MSTR,2024-09-30,1.0,182995000,168.6,,111534
MSTR,2024-10-01,1.0,182995000,162.69,,111534
MSTR,2024-10-02,1.0,182995000,164.64,,111534
MSTR,2024-10-03,1.0,182995000,163.41,,111534
MSTR,2024-10-04,1.0,182995000,176.51,,111534
MSTR,2024-10-07,1.0,182995000,186.09,,111534
MSTR,2024-10-08,1.0,182995000,192.2,,111534
MSTR,2024-10-09,1.0,182995000,188.91,,111534
MSTR,2024-10-10,1.0,182995000,183.34,,111534
MSTR,2024-10-11,1.0,182995000,212.59,,111534
MSTR,2024-10-14,1.0,182995000,201.67,,111534
MSTR,2024-10-15,1.0,182995000,194.31,,111534
MSTR,2024-10-16,1.0,182995000,194.09,,111534
MSTR,2024-10-17,1.0,182995000,193.42,,111534
MSTR,2024-10-18,1.0,182995000,215.86,,111534
MSTR,2024-10-21,1.0,182995000,219.05,,111534
MSTR,2024-10-22,1.0,182995000,219.7,,111534
MSTR,2024-10-23,1.0,182995000,213.95,,111534
MSTR,2024-10-24,1.0,182995000,235.89,,111534
MSTR,2024-10-25,1.0,182995000,234.34,,111534
MSTR,2024-10-28,1.0,182995000,255.34,,111534
MSTR,2024-10-29,1.0,182995000,258.24,,111534
MSTR,2024-10-30,1.0,182995000,247.31,,111534
MSTR,2024-10-31,1.0,183004000,244.5,,111534
MSTR,2024-11-01,1.0,183004000,229.71,,111534
MSTR,2024-11-04,1.0,183004000,222.99,,111534
MSTR,2024-11-05,1.0,183004000,227.8,,111534
MSTR,2024-11-06,1.0,183004000,257.81,,111534
MSTR,2024-11-07,1.0,183004000,270.81,,111534
MSTR,2024-11-08,1.0,183004000,270.42,,111534
MSTR,2024-11-11,1.0,183004000,340.0,,111534
MSTR,2024-11-12,1.0,183004000,356.59,,111534
MSTR,2024-11-13,1.0,183004000,328.38,,111534
MSTR,2024-11-14,1.0,183004000,327.67,,111534
MSTR,2024-11-15,1.0,183004000,340.65,,111534
MSTR,2024-11-18,1.0,183004000,384.79,,111534
MSTR,2024-11-19,1.0,183004000,430.54,,111534
MSTR,2024-11-20,1.0,183004000,473.83,,111534
MSTR,2024-11-21,1.0,183004000,397.28,,111534
MSTR,2024-11-22,1.0,183004000,421.88,,111534
MSTR,2024-11-25,1.0,183004000,403.45,,111534
MSTR,2024-11-26,1.0,183004000,353.69,,111534
MSTR,2024-11-27,1.0,183004000,388.84,,111534
MSTR,2024-11-29,1.0,183004000,387.47,,111534
MSTR,2024-12-02,1.0,183004000,380.3,,111534
MSTR,2024-12-03,1.0,183004000,373.43,,111534
MSTR,2024-12-04,1.0,183004000,406.0,,111534
MSTR,2024-12-05,1.0,183004000,386.4,,111534
MSTR,2024-12-06,1.0,183004000,395.01,,111534
MSTR,2024-12-09,1.0,183004000,365.34,,111534
MSTR,2024-12-10,1.0,211343000,377.32,,111534
MSTR,2024-12-11,1.0,220007000,411.4,,111534
MSTR,2024-12-12,1.0,220007000,392.19,,111534
MSTR,2024-12-13,1.0,220007000,408.67,,111534
MSTR,2024-12-16,1.0,220007000,408.5,,111534
MSTR,2024-12-17,1.0,220007000,386.42,,111534
MSTR,2024-12-18,1.0,223892000,349.64,,111534
MSTR,2024-12-19,1.0,223892000,326.46,,111534
MSTR,2024-12-20,1.0,223892000,364.2,,111534
MSTR,2024-12-23,1.0,223892000,332.23,,111534
MSTR,2024-12-24,1.0,223892000,358.18,,111534
MSTR,2024-12-26,1.0,225210000,341.05,,111534
MSTR,2024-12-27,1.0,225210000,330.0,,111534
MSTR,2024-12-30,1.0,225210000,302.96,,111534
MSTR,2024-12-31,1.0,225210000,289.62,,111534
MSTR,2025-01-02,1.0,225210000,300.01,,111534
MSTR,2025-01-03,1.0,225210000,339.66,,111534
MSTR,2025-01-06,1.0,226138000,379.09,,111534
MSTR,2025-01-07,1.0,226138000,341.425,,111534
MSTR,2025-01-08,1.0,226138000,331.7,,111534
MSTR,2025-01-10,1.0,226138000,327.91,,111534
MSTR,2025-01-13,1.0,226138000,328.4,,111534
MSTR,2025-01-14,1.0,226138000,342.17,,111534
MSTR,2025-01-15,1.0,226138000,360.62,,111534
MSTR,2025-01-16,1.0,226849000,367.0,,111534
MSTR,2025-01-17,1.0,226849000,396.5,,111534
MSTR,2025-01-21,1.0,226849000,389.1,,111534
MSTR,2025-01-22,1.0,226849000,377.31,,111534
MSTR,2025-01-23,1.0,229932000,373.12,,111534
MSTR,2025-01-24,1.0,229932000,353.67,,111534
MSTR,2025-01-27,1.0,229932000,347.92,,111534
MSTR,2025-01-28,1.0,231633000,335.93,,111534
MSTR,2025-01-29,1.0,231633000,341.25,,111534
MSTR,2025-01-30,1.0,231633000,340.09,,111534
MSTR,2025-01-31,1.0,231633000,334.79,,111534
MSTR,2025-02-03,1.0,231633000,347.09,,111534
MSTR,2025-02-04,1.0,231633000,348.31,,111534
MSTR,2025-02-05,1.0,231633000,336.7,,111534
MSTR,2025-02-06,1.0,231633000,325.46,,111534
MSTR,2025-02-07,1.0,231633000,327.56,,111534
MSTR,2025-02-10,1.0,231633000,334.62,,111534
MSTR,2025-02-11,1.0,238540000,319.46,,111534
MSTR,2025-02-12,1.0,238540000,326.82,,111534
MSTR,2025-02-13,1.0,238540000,324.92,,111534
MSTR,2025-02-14,1.0,238540000,337.73,,111534
MSTR,2025-02-18,1.0,238540000,333.97,,111534
MSTR,2025-02-19,1.0,238540000,318.67,,111534
MSTR,2025-02-20,1.0,238540000,323.92,,111534
MSTR,2025-02-21,1.0,238540000,299.69,,111534
MSTR,2025-02-24,1.0,238540000,282.76,,111534
MSTR,2025-02-25,1.0,238540000,250.51,,111534
MSTR,2025-02-26,1.0,238540000,263.27,,111534
MSTR,2025-02-27,1.0,238540000,240.05,,111534
MSTR,2025-02-28,1.0,238540000,255.43,,111534
MSTR,2025-03-03,1.0,238540000,250.92,,111534
MSTR,2025-03-04,1.0,238540000,275.15,,111534
MSTR,2025-03-05,1.0,238540000,308.55,,111534
MSTR,2025-03-06,1.0,238540000,304.11,,111534
MSTR,2025-03-07,1.0,238540000,287.18,,111534
MSTR,2025-03-10,1.0,238540000,239.27,,111534
MSTR,2025-03-11,1.0,238540000,260.59,,111534
MSTR,2025-03-12,1.0,238540000,262.55,,111534
MSTR,2025-03-13,1.0,238540000,263.26,,111534
MSTR,2025-03-14,1.0,238540000,297.49,,111534
MSTR,2025-03-17,1.0,238540000,294.27,,111534
MSTR,2025-03-18,1.0,238540000,283.19,,111534
MSTR,2025-03-19,1.0,240816000,304.23,,111534
MSTR,2025-03-20,1.0,240816000,302.07,,111534
MSTR,2025-03-21,1.0,240816000,304.0,,111534
MSTR,2025-03-24,1.0,240816000,335.72,,111534
MSTR,2025-03-25,1.0,240816000,341.81,,111534
MSTR,2025-03-26,1.0,240816000,329.31,,111534
MSTR,2025-03-27,1.0,240816000,324.59,,111534
MSTR,2025-03-28,1.0,240816000,289.41,,111534
MSTR,2025-03-31,1.0,240816000,288.27,,111534
MSTR,2025-04-01,1.0,240816000,306.02,,111534
MSTR,2025-04-02,1.0,240816000,312.54,,111534
MSTR,2025-04-03,1.0,240816000,282.28,,111534
MSTR,2025-04-04,1.0,240816000,293.61,,111534
MSTR,2025-04-07,1.0,240816000,268.14,,111534
MSTR,2025-04-08,1.0,240816000,237.95,,111534
MSTR,2025-04-09,1.0,246537000,296.86,,111534
MSTR,2025-04-10,1.0,246537000,272.34,,111534
MSTR,2025-04-11,1.0,246537000,299.98,,111534
MSTR,2025-04-14,1.0,246537000,311.45,,111534
MSTR,2025-04-15,1.0,246537000,310.72,,111534
MSTR,2025-04-16,1.0,246537000,311.66,,111534
MSTR,2025-04-17,1.0,246537000,317.2,,111534
MSTR,2025-04-21,1.0,246537000,317.76,,111534
MSTR,2025-04-22,1.0,246537000,343.03,,111534
MSTR,2025-04-23,1.0,246537000,345.73,,111534
MSTR,2025-04-24,1.0,246537000,350.34,,111534
MSTR,2025-04-25,1.0,246537000,368.71,,111534
MSTR,2025-04-28,1.0,246537000,369.25,,111534
MSTR,2025-04-29,1.0,246537000,381.45,,111534
MSTR,2025-04-30,1.0,249689000,380.11,,111534
MSTR,2025-05-01,1.0,249689000,381.6,,111534
MSTR,2025-05-02,1.0,253762000,394.37,,111534
MSTR,2025-05-05,1.0,253762000,386.53,,111534
MSTR,2025-05-06,1.0,253763000,385.6,,111534
MSTR,2025-05-07,1.0,253763000,392.48,,111534
MSTR,2025-05-08,1.0,253763000,414.38,,111534
MSTR,2025-05-09,1.0,253763000,416.03,,111534
MSTR,2025-05-12,1.0,253763000,404.9,,111534
MSTR,2025-05-13,1.0,253763000,421.61,,111534
MSTR,2025-05-14,1.0,253763000,416.75,,111534
MSTR,2025-05-15,1.0,253763000,397.03,,111534
MSTR,2025-05-16,1.0,253763000,399.8,,111534
MSTR,2025-05-19,1.0,253763000,413.42,,111534
MSTR,2025-05-20,1.0,253763000,416.92,,111534
MSTR,2025-05-21,1.0,253763000,402.69,,111534
MSTR,2025-05-22,1.0,253763000,399.46,,111534
MSTR,2025-05-23,1.0,253763000,369.51,,111534
MSTR,2025-05-27,1.0,253763000,372.2,,111534
MSTR,2025-05-28,1.0,253763000,364.25,,111534
MSTR,2025-05-29,1.0,253763000,370.63,,111534
MSTR,2025-05-30,1.0,253763000,369.06,,111534
MSTR,2025-06-02,1.0,253763000,372.27,,111534
MSTR,2025-06-03,1.0,253763000,387.43,,111534
MSTR,2025-06-04,1.0,253763000,378.1,,111534
MSTR,2025-06-05,1.0,253763000,368.79,,111534
MSTR,2025-06-06,1.0,253763000,374.47,,111534
MSTR,2025-06-09,1.0,253763000,392.12,,111534
MSTR,2025-06-10,1.0,253763000,391.18,,111534
MSTR,2025-06-11,1.0,253763000,387.11,,111534
MSTR,2025-06-12,1.0,253763000,379.76,,111534
MSTR,2025-06-13,1.0,253763000,382.87,,111534
MSTR,2025-06-16,1.0,253763000,382.25,,111534
MSTR,2025-06-17,1.0,253763000,375.18,,111534
MSTR,2025-06-18,1.0,253763000,369.03,,111534
MSTR,2025-06-20,1.0,253763000,369.7,,111534
MSTR,2025-06-23,1.0,253763000,367.18,,111534
MSTR,2025-06-24,1.0,253763000,377.02,,111534
MSTR,2025-06-25,1.0,253763000,388.67,,111534
MSTR,2025-06-26,1.0,253763000,386.44,,111534
MSTR,2025-06-27,1.0,253763000,383.88,,111534
MSTR,2025-06-30,1.0,253763000,404.23,,111534
MSTR,2025-07-01,1.0,253763000,373.3,,111534
MSTR,2025-07-02,1.0,253763000,402.28,,111534
MSTR,2025-07-03,1.0,253763000,403.99,,111534
MSTR,2025-07-07,1.0,253763000,395.67,,111534
MSTR,2025-07-08,1.0,253763000,396.94,,111534
MSTR,2025-07-09,1.0,253763000,415.41,,111534
MSTR,2025-07-10,1.0,253763000,421.74,,111534
MSTR,2025-07-11,1.0,253763000,434.58,,111534
MSTR,2025-07-14,1.0,253763000,451.02,,111534
MSTR,2025-07-15,1.0,253763000,442.31,,111534
MSTR,2025-07-16,1.0,253763000,455.9,,111534
MSTR,2025-07-17,1.0,253763000,451.34,,111534
MSTR,2025-07-18,1.0,253763000,423.22,,111534
MSTR,2025-07-21,1.0,253763000,426.28,,111534
MSTR,2025-07-22,1.0,263913000,426.4,,111534
MSTR,2025-07-23,1.0,263913000,412.67,,111534
MSTR,2025-07-24,1.0,263913000,414.92,,111534
MSTR,2025-07-25,1.0,263913000,405.89,,111534
MSTR,2025-07-28,1.0,263913000,403.8,,111534
MSTR,2025-07-29,1.0,263913000,394.66,,111534
MSTR,2025-07-30,1.0,263913000,395.04,,111534
MSTR,2025-07-31,1.0,263913000,401.86,,111534
MSTR,2025-08-01,1.0,263913000,366.63,,111534
MSTR,2025-08-04,1.0,263913000,389.24,,111534
MSTR,2025-08-05,1.0,263913000,375.46,,111534
MSTR,2025-08-06,1.0,263913000,383.41,,111534
MSTR,2025-08-07,1.0,263913000,402.01,,111534
MSTR,2025-08-08,1.0,263913000,395.13,,111534
MSTR,2025-08-11,1.0,263913000,400.25,,111534
MSTR,2025-08-12,1.0,263913000,394.39,,111534
MSTR,2025-08-13,1.0,263913000,389.9,,111534
MSTR,2025-08-14,1.0,263913000,372.94,,111534
MSTR,2025-08-15,1.0,263913000,366.32,,111534
MSTR,2025-08-18,1.0,263913000,363.6,,111534
MSTR,2025-08-19,1.0,263913000,336.57,,111534
MSTR,2025-08-20,1.0,263913000,344.37,,111534
MSTR,2025-08-21,1.0,263913000,337.58,,111534
MSTR,2025-08-22,1.0,263913000,358.13,,111534
MSTR,2025-08-25,1.0,263913000,343.2,,111534
MSTR,2025-08-26,1.0,263913000,351.36,,111534
MSTR,2025-08-27,1.0,263913000,342.06,,111534
MSTR,2025-08-28,1.0,263913000,338.84,,111534
MSTR,2025-08-29,1.0,263913000,334.41,,111534
MSTR,2025-09-02,1.0,263913000,341.62,,111534
MSTR,2025-09-03,1.0,263913000,330.26,,111534
MSTR,2025-09-04,1.0,263913000,327.59,,111534
MSTR,2025-09-05,1.0,263913000,335.87,,111534
MSTR,2025-09-08,1.0,263913000,329.9,,111534
MSTR,2025-09-09,1.0,263913000,328.53,,111534
MSTR,2025-09-10,1.0,263913000,326.45,,111534
MSTR,2025-09-11,1.0,263913000,326.02,,111534
MSTR,2025-09-12,1.0,263913000,331.44,,111534
MSTR,2025-09-15,1.0,263913000,327.79,,111534
MSTR,2025-09-16,1.0,263913000,335.09,,111534
MSTR,2025-09-17,1.0,263913000,329.71,,111534
MSTR,2025-09-18,1.0,263913000,349.12,,111534
MSTR,2025-09-19,1.0,263913000,344.75,,111534
MSTR,2025-09-22,1.0,263913000,335.93,,111534
MSTR,2025-09-23,1.0,263913000,327.78,,111534
MSTR,2025-09-24,1.0,263913000,323.31,,111534
MSTR,2025-09-25,1.0,263913000,300.7,,111534
MSTR,2025-09-26,1.0,263913000,309.06,,111534
MSTR,2025-09-29,1.0,263913000,326.42,,111534
MSTR,2025-09-30,1.0,263913000,322.21,,111534
MSTR,2025-10-01,1.0,263913000,338.41,,111534
MSTR,2025-10-02,1.0,263913000,352.33,,111534
MSTR,2025-10-03,1.0,263913000,351.63,,111534
MSTR,2025-10-06,1.0,263913000,359.69,,111534
MSTR,2025-10-07,1.0,263913000,328.4,,111534
MSTR,2025-10-08,1.0,263913000,330.8,,111534
MSTR,2025-10-09,1.0,263913000,320.29,,111534
MSTR,2025-10-10,1.0,263913000,304.79,,111534
MSTR,2025-10-13,1.0,263913000,315.47,,111534
MSTR,2025-10-14,1.0,263913000,300.67,,111534
MSTR,2025-10-15,1.0,263913000,296.76,,111534
MSTR,2025-10-16,1.0,263913000,283.84,,111534
MSTR,2025-10-17,1.0,263913000,289.87,,111534
MSTR,2025-10-20,1.0,263913000,296.61,,111534
MSTR,2025-10-21,1.0,263913000,301.91,,111534
MSTR,2025-10-22,1.0,263913000,280.81,,111534
MSTR,2025-10-23,1.0,263913000,284.92,,111534
MSTR,2025-10-24,1.0,263913000,289.08,,111534
MSTR,2025-10-27,1.0,263913000,295.63,,111534
MSTR,2025-10-28,1.0,263913000,284.64,,111534
MSTR,2025-10-29,1.0,263913000,275.36,,111534
MSTR,2025-10-30,1.0,263913000,254.57,,111534
MSTR,2025-10-31,1.0,263913000,269.51,,111534
MSTR,2025-11-03,1.0,263913000,264.67,,111534
MSTR,2025-11-04,1.0,267713000,246.99,,111534
MSTR,2025-11-05,1.0,267713000,255.0,,111534
MSTR,2025-11-06,1.0,267713000,237.2,,111534
MSTR,2025-11-07,1.0,267713000,241.93,,111534
MSTR,2025-11-10,1.0,267713000,238.88,,111534
MSTR,2025-11-11,1.0,267713000,231.35,,111534
MSTR,2025-11-12,1.0,267713000,224.61,,111534
MSTR,2025-11-13,1.0,267713000,208.54,,111534
MSTR,2025-11-14,1.0,267713000,199.75,,111534
MSTR,2025-11-17,1.0,267713000,195.42,,111534
MSTR,2025-11-18,1.0,267713000,206.8,,111534
MSTR,2025-11-19,1.0,267713000,186.5,,111534
MSTR,2025-11-20,1.0,267713000,177.13,,111534
MSTR,2025-11-21,1.0,267713000,170.5,,111534
MSTR,2025-11-24,1.0,267713000,179.04,,111534
MSTR,2025-11-25,1.0,267713000,172.19,,111534
MSTR,2025-11-26,1.0,267713000,175.64,,111534
MSTR,2025-11-28,1.0,267713000,177.18,,111534
MSTR,2025-12-01,1.0,267713000,171.42,,111534
MSTR,2025-12-02,1.0,267713000,181.33,,111534
MSTR,2025-12-03,1.0,267713000,188.39,,111534
MSTR,2025-12-04,1.0,267713000,186.01,,111534
MSTR,2025-12-05,1.0,267713000,178.99,,111534
MSTR,2025-12-08,1.00000000,269635653,183.69000000,,111534
MSTR,2025-12-09,1.00000000,270276538,188.99000000,,111534
MSTR,2025-12-10,1.00000000,270917423,184.64000000,,111534
MSTR,2025-12-11,1.00000000,271558307,183.30000000,,111534
MSTR,2025-12-12,1.00000000,272199192,176.45000000,,111534
MSTR,2025-12-15,1.00000000,274121846,162.08000000,,111534
MSTR,2025-12-16,1.00000000,274762730,167.50000000,,111534
MSTR,2025-12-17,1.00000000,275403615,160.38000000,,111534
MSTR,2025-12-18,1.00000000,276044500,158.24000000,,111534
MSTR,2025-12-19,1.00000000,276685384,164.82000000,,111534
MSTR,2025-12-22,1.00000000,278608038,164.32000000,,111534
MSTR,2025-12-23,1.00000000,279248923,157.88000000,,111534
MSTR,2025-12-24,1.00000000,279889807,158.71000000,,111534
MSTR,2025-12-26,1.00000000,281171576,158.81000000,,111534
MSTR,2025-12-29,1.00000000,283094230,155.39000000,,111534
MSTR,2025-12-30,1.00000000,283735115,155.61000000,,111534
MSTR,2025-12-31,1.00000000,284376000,151.95000000,,111534
MSTR,2026-01-02,1.00000000,284856853,157.16000000,,111534
MSTR,2026-01-05,1.00000000,286299413,164.72000000,,111534
MSTR,2026-01-06,1.00000000,286780266,157.97000000,,111534
MSTR,2026-01-07,1.00000000,287261120,161.83000000,,111534
MSTR,2026-01-08,1.00000000,287741973,166.97000000,,111534
MSTR,2026-01-09,1.00000000,288222826,157.33000000,,111534
MSTR,2026-01-12,1.00000000,289665386,162.23000000,,111534
MSTR,2026-01-13,1.00000000,290146240,172.99000000,,111534
MSTR,2026-01-14,1.00000000,290627093,179.33000000,,111534
MSTR,2026-01-15,1.00000000,291107946,170.91000000,,111534
MSTR,2026-01-16,1.00000000,291588800,173.71000000,,111534
MSTR,2026-01-20,1.00000000,293512213,160.23000000,,111534
MSTR,2026-01-21,1.00000000,293993066,163.81000000,,111534
MSTR,2026-01-22,1.00000000,294473920,160.98000000,,111534
MSTR,2026-01-23,1.00000000,294954773,163.11000000,,111534
MSTR,2026-01-26,1.00000000,296397333,160.58000000,,111534
MSTR,2026-01-27,1.00000000,296878186,161.58000000,,111534
MSTR,2026-01-28,1.00000000,297359040,158.45000000,,111534
MSTR,2026-01-29,1.00000000,297839893,143.19000000,,111534
MSTR,2026-01-30,1.00000000,298320746,149.71000000,,111534
MSTR,2026-02-02,1.00000000,299763306,139.63000000,,111534
MSTR,2026-02-03,1.00000000,300244160,133.26000000,,111534
MSTR,2026-02-04,1.00000000,300725013,129.09000000,,111534
MSTR,2026-02-05,1.00000000,301205866,106.99000000,,111534
MSTR,2026-02-06,1.00000000,301686720,134.93000000,,111534
MSTR,2026-02-09,1.00000000,303129280,138.44000000,,111534
MSTR,2026-02-10,1.00000000,303610133,133.00000000,,111534
MSTR,2026-02-11,1.00000000,304090986,126.07000000,,111534
MSTR,2026-02-12,1.00000000,304571840,123.00000000,,111534
MSTR,2026-02-13,1.00000000,305052693,133.88000000,,111534
MSTR,2026-02-17,1.00000000,306976106,128.67000000,,111534
MSTR,2026-02-18,1.00000000,307456960,125.20000000,,111534
MSTR,2026-02-19,1.00000000,307937813,129.45000000,,111534
MSTR,2026-02-20,1.00000000,308418666,131.05000000,,111534
MSTR,2026-02-23,1.00000000,309861226,123.71000000,,111534
MSTR,2026-02-24,1.00000000,310342080,124.61000000,,111534
MSTR,2026-02-25,1.00000000,310822933,135.65000000,,111534
MSTR,2026-02-26,1.00000000,311303786,133.40000000,,111534
MSTR,2026-02-27,1.00000000,311784640,129.50000000,,111534
MSTR,2026-03-02,1.00000000,313227200,137.65000000,,111534
MSTR,2026-03-03,1.00000000,313708053,132.68000000,,111534
MSTR,2026-03-04,1.00000000,314188906,146.44000000,,111534
MSTR,2026-03-05,1.00000000,314669760,139.81000000,,111534
MSTR,2026-03-06,1.00000000,315150613,133.53000000,,111534
MSTR,2026-03-09,1.00000000,316593173,138.95000000,,111534
MSTR,2026-03-10,1.00000000,317074026,138.46000000,,111534
MSTR,2026-03-11,1.00000000,317554880,138.33000000,,111534
MSTR,2026-03-12,1.00000000,318035733,137.34000000,,111534
MSTR,2026-03-13,1.00000000,318516586,139.67000000,,111534
MSTR,2026-03-16,1.00000000,319959146,147.52000000,,111534
MSTR,2026-03-17,1.00000000,320440000,150.28000000,,111534
